<?xml version="1.0" encoding="UTF-8"?>
<!DOCTYPE hibernate-configuration PUBLIC 
	"-//Hibernate/Hibernate Configuration DTD 3.0//EN" 
	"http://www.jboss.org/dtd/hibernate/hibernate-configuration-3.0.dtd">

<hibernate-configuration>
	<session-factory>
		<property name="connection.driver_class"> com.mysql.jdbc.Driver </property>
		<property name="connection.url"> jdbc:mysql://localhost:3306/database.mwb </property>
		<property name="hibernate.dialect"> org.hibernate.dialect.MySQLDialect </property>
		<property name="eclipselink.ddl-generation"> create-tables </property>
		<property name="eclipselink.logging.level"> ALL </property>
		<property name="connection.user"> root </property>
		<property name="connection.password"> root </property>
		<property name="connection.pool_size"> 2 </property>
		<property name="current_session_context_class"> thread </property>
		<property name="show_sql"> true </property>
	</session-factory>
</hibernate-configuration>